Country;Sector;Alles;Lowest;Low;Middle;Higher
Afghanistan;All sectors;1338,55;856,84;1757,42;4389,09;11612,38
;Food and beverages;776,49;564,68;978,59;1730,14;2364,81
;Clothing and footwear;59,01;43,34;72,31;166,81;259,2
;Housing;120,1;50,03;173,03;743,1;2156,43
;Energy;88,96;53,72;122,4;252,75;265,51
;Transport;77,89;31,45;104,87;647,9;5021,05
;Water;1,21;0,44;1,94;5,13;4,92
;Education sector;1,76;0,42;2,7;15,73;0
;Health;49,26;33,96;63,92;115,8;273,11
;ICT;21,14;7,8;30,49;158,48;158,57
;Financial services;0;0;0;0;0
;Other goods and services;123,51;60,39;180,84;471,15;957,61
;"Appliances
 ";19,21;10,62;26,33;82,11;151,17
Albania;All sectors;3355,52;998,85;2315,46;4922,49;12159,97
;Food and beverages;2081,32;660,37;1517,6;2981,37;6432,23
;Clothing and footwear;101,94;32,08;67,41;147,09;476
;Housing;55,7;15,79;34,44;91,88;156,56
;Energy;226,39;90,76;177,44;316,85;451,59
;Transport;199,75;12,54;69,1;341,4;1869,46
;Water;23,32;11,76;18,53;32,08;42,94
;Education sector;17,11;3,18;8,92;30,76;57,15
;Health;120,33;22,46;86,5;189,2;192,56
;ICT;174,57;34,31;98,73;266,48;1072,67
;Financial services;7,12;0,03;2,1;13,36;59,68
;Other goods and services;286;96,1;191,78;420,34;1142,42
;"Appliances
 ";61,96;19,48;42,92;91,67;206,7
Armenia;All sectors;1487,65;902,01;1821,3;4563,89;25556,81
;Food and beverages;828,91;603,4;992,86;1323,13;1671,85
;Clothing and footwear;58,48;18,06;82,05;263,66;761,53
;Housing;21,83;5,06;28,69;168,13;0
;Energy;64,99;49,95;74,86;117,31;719,61
;Transport;106,74;38,46;139,55;601,36;241,71
;Water;13,42;9,16;16,34;26,38;16,05
;Education sector;30,09;8,68;36,79;258,91;0
;Health;152,89;53,22;184,36;1181,81;7267,02
;ICT;72,28;39,99;92,35;211,3;539,68
;Financial services;0,12;0,16;0,07;0,41;0
;Other goods and services;107,81;60,29;133,9;326,78;14054,84
;"Appliances
 ";30,09;15,59;39,48;84,7;284,52
Azerbaijan;All sectors;2128,62;909,11;2000,73;4777;12975,87
;Food and beverages;958,28;511,43;953,56;1803,08;2851,71
;Clothing and footwear;202,9;67,62;190,14;508,71;996,8
;Housing;48,3;7,67;33,11;173,12;866,56
;Energy;155,39;95,66;162,69;227,94;365,17
;Transport;262,2;59,21;212,72;740,61;4429,26
;Water;10,46;5,47;10,76;18,18;29,25
;Education sector;28,01;3,94;21,38;100,63;275,65
;Health;58,14;25,09;59,72;113,46;132,07
;ICT;64,43;16,6;55,57;191,09;444,36
;Financial services;0;0;0;0;0
;Other goods and services;338,35;116,18;299,87;890,58;2555,42
;"Appliances
 ";2,14;0,25;1,22;9,59;29,62
Bangladesh;All sectors;828,82;664,33;1697,26;4185,08;10466,59
;Food and beverages;456,64;397,73;782,06;1229,28;1773,34
;Clothing and footwear;43,54;36,92;79,36;149,13;376,61
;Housing;81,87;43,29;277,26;1157,14;2027,86
;Energy;49,31;43,95;78,28;139,37;207,77
;Transport;30,73;22,33;69,82;354,58;1440,38
;Water;0,17;0,11;0,48;0,28;0
;Education sector;31,37;19,27;97,48;219,43;79,57
;Health;24,37;20,3;46,92;74,14;108,5
;ICT;18,09;11,91;52,09;100,93;293,6
;Financial services;1,76;1,09;5,34;13,26;0,08
;Other goods and services;76,25;54,81;181,93;694,85;4075,54
;"Appliances
 ";14,75;12,61;26,24;52,68;83,36
Belarus;All sectors;5699,24;1048,75;2653,04;5672,3;12683,39
;Food and beverages;2310,72;495,76;1231,65;2390,04;4177,72
;Clothing and footwear;593,28;118,91;286,36;596,4;1256,95
;Housing;689,43;165,19;349,64;694,41;1413,67
;Energy;17,29;28,71;17,25;18,62;7,93
;Transport;567,9;19,26;121,6;459,86;2303,79
;Water;25,7;6,33;14,21;25,78;50,84
;Education sector;98,1;0,43;37,08;106,07;179,58
;Health;168,52;12,42;58,29;176,32;360,54
;ICT;358;63,23;171,7;359,31;765,01
;Financial services;44,67;18,83;18,04;42,45;118,96
;Other goods and services;690,7;94,63;285,75;668,37;1747,58
;"Appliances
 ";134,95;25,06;61,45;134,68;300,82
Benin;All sectors;613,17;503,28;1704;4078,92;
;Food and beverages;341,61;294,26;815,43;1713,82;
;Clothing and footwear;58,44;45,36;189,18;439,24;
;Housing;13,37;7,78;68,81;191,38;
;Energy;71,98;58,16;206,09;607,71;
;Transport;2,03;1,06;10,91;55,93;
;Water;0;0;0;0;
;Education sector;15,91;10,71;68,38;153,43;
;Health;31,4;25,56;90,33;186,5;
;ICT;0;0;0;0;
;Financial services;0;0;0;0;
;Other goods and services;48,24;35,77;169,08;533,86;
;"Appliances
 ";30,19;24,62;85,8;197,04;
Bhutan;All sectors;1746,75;777,8;2016,69;4767,99;13332,38
;Food and beverages;766,92;465,34;918,27;1483,18;1928,6
;Clothing and footwear;134,81;52,37;168,93;365,41;529,16
;Housing;232,02;75,96;271,99;783,38;1301,71
;Energy;48,82;15,23;61,48;149,31;213,23
;Transport;127,19;21,09;82,59;545,5;6858,91
;Water;3,1;0,34;3,79;12,53;30,45
;Education sector;20,2;15,71;23,83;24,3;21,1
;Health;10,49;3,51;13,11;32,96;17,18
;ICT;35,8;5,33;41,01;149,56;381,88
;Financial services;8,36;1,6;10,14;30,88;73,77
;Other goods and services;340,98;114,71;399,22;1138,87;1891,18
;"Appliances
 ";18,07;6,59;22,34;52,12;85,21
Bolivia;All sectors;2777,58;692,1;2193,9;5049,52;12161,22
;Food and beverages;1473,62;465,32;1350;2468,79;3999,46
;Clothing and footwear;95,89;38,46;78,48;163,64;336,22
;Housing;425,45;53,06;232,44;887,86;3235,84
;Energy;92,44;19,9;79,87;164,35;337,74
;Transport;179,34;29,02;134,82;335;965,28
;Water;30,42;3,56;23,41;58,63;150,89
;Education sector;98,42;9,88;40,65;219,68;888,22
;Health;33,54;7,88;26,95;61,27;140,26
;ICT;79,49;6,05;46,73;174,96;503,8
;Financial services;2,3;0,17;1,33;4,73;17,57
;Other goods and services;218,88;44,89;136,48;429,88;1433,39
;"Appliances
 ";47,79;13,93;42,74;80,73;152,55
Bosnia and Herzegovina;All sectors;7935,62;937,71;2571,89;6054,1;14563,2
;Food and beverages;2505,75;349,62;868,76;1997,77;4400,77
;Clothing and footwear;449,23;1,76;96,53;298,47;937,06
;Housing;1336,94;227,77;581,93;1122,64;2174,81
;Energy;515,07;114,61;240,89;461,46;772,45
;Transport;948,27;32,8;178,41;605,85;2037,57
;Water;56,99;6,32;26,96;50,84;85,86
;Education sector;44,32;4,19;4,19;27,48;98,99
;Health;312,15;15,98;100,36;249,41;551,94
;ICT;326,39;31,55;107,25;243,25;609,47
;Financial services;140,59;6,67;50,58;109,72;250,82
;Other goods and services;1059,49;104,52;243,94;711,7;2184,19
;"Appliances
 ";240,41;41,91;72,08;175,51;459,27
Brazil;All sectors;4255,12;750,66;2177,83;5531,23;17552,73
;Food and beverages;980,22;274,89;717,04;1413,02;2484,85
;Clothing and footwear;263,15;65,98;173,9;374,87;777,54
;Housing;266,55;43,66;131,1;362,15;1084,57
;Energy;208,73;92,77;175,73;274,02;429,46
;Transport;1006,86;79,3;338,12;1244,24;5325,06
;Water;59,73;25,23;52,79;81,22;107,13
;Education sector;148,51;5,57;32,11;212,72;790,55
;Health;356;58;184,17;496,03;1374,68
;ICT;132,01;13,18;73,25;208,37;436,99
;Financial services;3,51;0,21;1,54;5,77;12,96
;Other goods and services;746,65;71,9;239,28;739,74;4499,06
;"Appliances
 ";83,19;19,98;58,8;119,08;229,88
Bulgaria;All sectors;5257,91;946,55;2597,37;5497,23;12003,05
;Food and beverages;2051,89;510,83;1202,65;2157,23;4007,49
;Clothing and footwear;179,77;36,86;73,54;180,94;510,12
;Housing;1069,24;154,92;439,59;1136,61;2558,1
;Energy;526,87;124,29;318,69;576,1;824,3
;Transport;365,51;0,6;81,18;361,97;1299,38
;Water;100,89;10,45;70,82;109,7;136,88
;Education sector;97,65;10,71;38,38;94,8;311,5
;Health;0;0;0;0;0
;ICT;185,53;0;54,95;191,76;555,31
;Financial services;0,16;0,02;0,03;0,14;0,75
;Other goods and services;601,02;84,66;279,4;606,09;1606,02
;"Appliances
 ";79,37;13,23;38,14;81,9;193,2
Burkina Faso;All sectors;536,7;431,96;1758,45;5045,23;11546,36
;Food and beverages;233,24;211,43;526,05;749,26;1172,45
;Clothing and footwear;53,04;44,37;164,31;318,07;463,46
;Housing;63,05;48,17;232,58;754,07;1294,07
;Energy;23,51;17,21;101,25;247,04;671,77
;Transport;56,41;32,57;301,25;1434,15;4595,1
;Water;5,93;3,74;33,14;81,15;179,39
;Education sector;9,96;6;54,28;202,16;417,41
;Health;11,79;9,05;42,08;145,22;524,43
;ICT;25,12;15,55;131,21;507,4;618,92
;Financial services;0,41;0,05;2,19;43,46;14,21
;Other goods and services;45,39;36,97;135,57;493,18;1464,89
;"Appliances
 ";8,86;6,85;34,55;70,08;130,27
Burundi;All sectors;328,42;294,87;1763,61;4105,28;
;Food and beverages;233,32;218,44;885,94;1352,86;
;Clothing and footwear;13,03;10,9;103,93;264,7;
;Housing;7,45;3,95;152,16;568,3;
;Energy;28,35;26,81;94,95;180,21;
;Transport;8,37;4,18;178,3;809,76;
;Water;1,02;0,47;24,53;47,81;
;Education sector;2,52;1,66;39,35;89,29;
;Health;16,58;15,42;64,56;193,43;
;ICT;2,69;1,2;66,74;168,69;
;Financial services;0;0;0;0;
;Other goods and services;14,71;11,5;150,44;428,58;
;"Appliances
 ";0,38;0,33;2,72;1,66;
Cambodia;All sectors;1241,42;674,52;1857,69;4717,85;16051,87
;Food and beverages;573,59;383;861,43;1515,37;1955,99
;Clothing and footwear;36,01;23,89;53,1;102,8;111,6
;Housing;226,86;73,08;305,66;1507,64;6485,56
;Energy;70,85;46,37;99,95;227,15;348,67
;Transport;147,19;42,3;230,32;783,84;6049,75
;Water;7,64;3,05;13,33;36,09;51,77
;Education sector;23,55;7,16;39,56;147,03;193,5
;Health;61,9;43,98;101,27;87,08;192,16
;ICT;9,91;3,65;17,21;47,71;136,92
;Financial services;0;0;0;0;0
;Other goods and services;71,78;39,24;119,08;231,84;501,74
;"Appliances
 ";12,14;8,8;16,79;31,29;24,21
Cameroon;All sectors;829,24;521,26;1829,44;4599,23;13365,16
;Food and beverages;338,56;240,15;695,43;1227,83;1593,6
;Clothing and footwear;73,55;47,79;156,34;411,88;681,47
;Housing;43,13;14,21;135,75;403,14;1475,01
;Energy;60,39;48,29;103,82;172,59;279,32
;Transport;91,85;41,87;227,94;858,14;6226,72
;Water;7,32;3,32;20,86;52,35;97,41
;Education sector;26,81;16,5;62,59;138,88;115,07
;Health;34,35;24,3;67,41;157,39;287,11
;ICT;42,75;17,19;120,42;421,72;807,57
;Financial services;1,94;0,19;3,94;52,56;414,06
;Other goods and services;86,14;54,01;181,16;583,26;1283,28
;"Appliances
 ";22,46;13,45;53,77;119,49;104,52
Republic of Cabo Verde;All sectors;2338,59;768,4;2053,25;5198,78;13939,99
;Food and beverages;1164,96;483,3;1146,02;2348,75;4173,85
;Clothing and footwear;63,16;18,47;54,23;148,54;381,01
;Housing;390,97;92,35;316,9;959,89;2869,24
;Energy;102,3;30,27;104,51;220,81;372,31
;Transport;146,19;15,2;62,99;391,7;2465,01
;Water;49,13;14,63;48,47;99,73;267,69
;Education sector;29,28;7,33;19,03;68,3;347,06
;Health;43,07;11,41;31,19;115,12;308,69
;ICT;95,64;21,63;75,97;230,18;792,07
;Financial services;12,58;0,32;4,41;49,56;128,38
;Other goods and services;154,83;39,09;108,88;380,04;1486,15
;"Appliances
 ";86,49;34,39;80,63;186,16;348,54
Chad;All sectors;781,96;589,97;1697,43;4416,9;10176,96
;Food and beverages;533,78;413,13;1121,79;2516,52;1275,24
;Clothing and footwear;54,58;40,34;121,89;338,93;508,97
;Housing;40,11;34,6;67,54;115,79;0,4
;Energy;1,92;1,38;3,89;27,58;0
;Transport;27,99;13,52;90,92;436,36;7512,66
;Water;0,89;0,53;2,82;2,71;0
;Education sector;2,74;2,05;6,19;11,17;0
;Health;22,4;16,88;49,19;115,08;0
;ICT;2,66;1,07;9,29;56,49;41,72
;Financial services;0,04;0,03;0,07;0,01;0
;Other goods and services;84,36;58,99;198,61;732,54;784,56
;"Appliances
 ";10,48;7,43;25,23;63,74;53,4
China;All sectors;2326,57;724,59;2136,72;5074,39;15041,28
;Food and beverages;842,74;337,08;847,84;1670,1;3644,97
;Clothing and footwear;210;42,84;194,41;508,71;1278,62
;Housing;150,36;64,74;122,52;306,4;1180,25
;Energy;120,84;35,67;127,15;253,21;536,33
;Transport;142,02;29,64;106,71;334,79;1610,14
;Water;12,31;3,63;12,95;25,78;54,61
;Education sector;163,48;45,21;149,64;367,37;1084,94
;Health;170,39;48,34;154,33;398,06;954,85
;ICT;198,85;42,16;149,52;474,32;2165,82
;Financial services;18,05;3,54;14,08;43,9;180,72
;Other goods and services;291,77;70,61;253,07;677,76;2292,49
;"Appliances
 ";5,75;1,13;4,48;13,98;57,55
Colombia;All sectors;3512,42;761,44;2172,96;5367,44;15673,57
;Food and beverages;1225,76;388,94;939,8;1913,17;3510,72
;Clothing and footwear;131,54;23,39;65,93;205,15;701,9
;Housing;707,12;153,99;445,33;1072,17;3130,49
;Energy;113,57;45,05;96,51;161,29;290,19
;Transport;340,23;35,79;167,79;492,52;2088,33
;Water;30,5;6,74;22,9;47,46;102,39
;Education sector;57,3;4,97;24,37;118,56;233,44
;Health;211,69;32,37;125,97;342,01;952,93
;ICT;178,93;21,13;93,58;293,94;902,82
;Financial services;256,89;7,39;58,35;324,29;2353,21
;Other goods and services;258,89;41,68;132,43;396,87;1407,16
;"Appliances
 ";0;0;0;0;0
Congo, Democratic Republic;All sectors;270,69;259,6;1512,69;4021,02;58591,81
;Food and beverages;188,14;184,04;729,3;914,92;501,48
;Clothing and footwear;15,08;14,25;124,38;146,36;24,26
;Housing;5,08;4,42;89,43;388,07;0
;Energy;14,11;13,7;68,63;73,81;122,85
;Transport;7,56;6,42;145,9;1479,16;0
;Water;3,42;3,11;44,11;72,12;59,74
;Education sector;7,48;7,11;56,11;69,89;7,57
;Health;8,56;6,85;31,76;26,2;57806,01
;ICT;3,05;2,42;84,6;358,92;8,09
;Financial services;0;0;0,21;22,76;0
;Other goods and services;14,45;13,69;111;440,93;45,26
;"Appliances
 ";3,76;3,58;27,27;27,9;16,57
Congo, Rep.;All sectors;1358,87;738,36;1880,17;4611,39;12937,97
;Food and beverages;712,43;401,57;1030,56;2044,77;2404,12
;Clothing and footwear;68,34;30,85;98,75;291,49;414,72
;Housing;166,29;107,32;205,06;548,3;1697,92
;Energy;49,4;31,43;65,11;144,09;265,72
;Transport;89,05;34,48;103,44;451,96;5173,09
;Water;16,41;9,46;22,31;55,58;79,1
;Education sector;28,77;13,53;40,07;126,74;213,14
;Health;46,46;29,11;64,19;117,22;222,02
;ICT;56,04;17,31;82,11;311,13;869,25
;Financial services;0,98;0,29;0,84;8,5;64,26
;Other goods and services;93,99;47,29;123,93;399,61;1382,45
;"Appliances
 ";30,7;15,74;43,81;112,01;152,18
Côte d'Ivoire;All sectors;1331,32;685,24;1886,59;4830,67;11649,17
;Food and beverages;601,2;363,19;852,59;1646,76;3037,18
;Clothing and footwear;82,31;48,65;110,84;275,26;456,53
;Housing;161,14;67;226,11;725,65;2712,36
;Energy;32,55;16,28;52,28;89,69;148,67
;Transport;118,54;39,72;161,27;680,14;2010,31
;Water;12,74;6,64;19,71;36,46;69,23
;Education sector;21,55;10,3;32,32;81,24;75,54
;Health;60,41;32,64;89,63;184,7;313,18
;ICT;121,73;43,4;180,33;598,35;1483,6
;Financial services;2,18;0,38;2,7;17,79;52,84
;Other goods and services;100,77;48,08;137,52;433,09;1139,4
;"Appliances
 ";16,19;8,97;21,3;61,54;150,33
Djibouti;All sectors;1877,32;770,52;1970,52;4913,83;12344,97
;Food and beverages;766,79;437,04;879,89;1446,17;1438,63
;Clothing and footwear;58,22;25,6;66,09;139,22;140,55
;Housing;360,36;148,35;389,09;960,45;1311,57
;Energy;224,82;50,19;227,25;826,38;810,29
;Transport;117,91;31,68;152,49;278,15;215,82
;Water;61,5;16,33;70,48;180,41;203,62
;Education sector;8,86;3,55;11,19;18,36;6,59
;Health;27,97;7,41;31,51;84,52;92,9
;ICT;0;0;0;0;0
;Financial services;0;0;0;0;0
;Other goods and services;231,54;38,57;120,71;945,06;8081,26
;"Appliances
 ";19,37;11,8;21,81;35,11;43,75
Egypt;All sectors;1347,37;858,95;1740,88;4883,85;13460,21
;Food and beverages;646,69;469,11;834,88;1592,69;2726,35
;Clothing and footwear;78,26;54,9;100,82;221,02;446,76
;Housing;197,59;114,85;248,74;858,81;3631,4
;Energy;33,6;23,79;41,94;99,29;278,51
;Transport;59,04;24,65;73,68;409,41;1552,05
;Water;9,11;5,87;11,81;31,18;94,88
;Education sector;47,37;19,58;62,27;325,81;899,19
;Health;89,6;40,87;124,07;476,86;1562,1
;ICT;38,31;17,32;55,63;185,93;550,04
;Financial services;1,33;0,79;1,8;4,63;16,5
;Other goods and services;128,35;75,34;161,21;621,72;1575,7
;"Appliances
 ";18,13;11,9;24,03;56,52;126,75
El Salvador;All sectors;1589,38;607,4;2067,6;4647,16;13815,33
;Food and beverages;1040,95;281;1410,39;3162,22;12334,48
;Clothing and footwear;39,09;26,33;46,2;88,38;92
;Housing;88,6;33,66;104,84;365,59;410,64
;Energy;93,43;65,87;113,07;182,86;162,63
;Transport;41,02;18,4;51,16;134,63;186,77
;Water;0;0;0;0;0
;Education sector;0;0;0;0;0
;Health;31,23;11,36;36,15;128,96;202,86
;ICT;67,6;40,14;85,18;166,81;141,41
;Financial services;0,69;0,21;0,7;4,05;1,79
;Other goods and services;118,99;78,8;141,49;288,68;175,8
;"Appliances
 ";67,77;51,63;78,43;124,98;106,95
Ethiopia;All sectors;1113,82;843,51;1613,3;4486,2;16903,6
;Food and beverages;652,44;531,23;896,46;1587,88;1874,46
;Clothing and footwear;85,04;58,13;135,78;427,59;667,58
;Housing;122,83;94,13;172,69;671,69;837,09
;Energy;103,58;78,7;156,5;181,67;137,19
;Transport;22,88;6,18;39,09;399,37;10062,43
;Water;4,54;3,02;7,14;34,98;48,43
;Education sector;10,38;6,81;16,88;64,87;107,13
;Health;5,27;3,57;8,52;25,38;36,1
;ICT;9,61;2,35;17,99;267,8;1475,8
;Financial services;0,27;0,11;0,55;4,38;1,09
;Other goods and services;89,99;54,98;149,65;776,23;1604,17
;"Appliances
 ";7;4,3;12,05;44,36;52,13
Fiji;All sectors;1818,78;690,15;2001,34;4962,57;12209,09
;Food and beverages;620,58;309,69;737,76;1328,13;2076,65
;Clothing and footwear;69,5;26,32;76,66;197,39;344,8
;Housing;123,98;19,16;125,84;448,93;1446,59
;Energy;111,58;51,65;137,24;233,37;435,23
;Transport;269,38;90,57;289,28;772,68;2343,7
;Water;24,53;11,27;30,41;51,31;88,25
;Education sector;88,66;32,59;85,9;287,68;635,24
;Health;38,29;11,37;42,49;118,51;217,15
;ICT;98,39;16,99;104,04;335,89;1109,48
;Financial services;100,63;8,82;94,03;402,14;1471,55
;Other goods and services;252,99;104,23;254,31;732,7;1931,11
;"Appliances
 ";20,26;7,47;23,39;53,83;109,34
Gabon;All sectors;2502,25;850,25;2095,24;5019,28;14017,55
;Food and beverages;961,23;444,56;901,45;1726,7;2780,56
;Clothing and footwear;122,12;30,75;98,54;282,46;601,58
;Housing;496,74;149,45;396,64;1011,28;3473,15
;Energy;126,78;43,15;112,85;240,87;633,6
;Transport;251,21;44,04;167,98;565,15;2652,78
;Water;37,3;8,36;29,63;85,49;217,92
;Education sector;43,81;13,1;40,35;90,19;141,47
;Health;61,39;23,04;55,99;120,83;201,33
;ICT;127,3;16,72;88,6;321;1008,16
;Financial services;22,36;0,47;6,65;61,96;420,93
;Other goods and services;186,09;50,35;135,7;389,95;1655,05
;"Appliances
 ";65,92;26,26;60,86;123,39;231,04
Gambia (The);All sectors;1169,92;613,4;1897,64;4690,94;10693,52
;Food and beverages;683,65;376,85;1131,11;2354,97;1919,28
;Clothing and footwear;137,3;79,28;217,39;477,8;884,02
;Housing;24,85;7,68;38,9;183,79;970,31
;Energy;33,97;11,88;55,74;225,73;372,83
;Transport;35,41;11,9;53,13;249,6;2206,49
;Water;4,21;0,92;6,17;41,42;89,72
;Education sector;13,93;7,01;22,32;61,44;202,36
;Health;14,81;9,57;22,37;42,85;94,7
;ICT;36,07;14,73;59,05;204,82;515,19
;Financial services;2,65;0,68;2,92;28,13;270,86
;Other goods and services;181,51;92,13;286,03;812,81;3165,67
;"Appliances
 ";1,57;0,77;2,51;7,6;2,07
Ghana;All sectors;1362,17;690,72;1896,86;4815,19;14002,95
;Food and beverages;681,79;405,79;955,5;1870,67;2618,63
;Clothing and footwear;100,67;51,86;142,4;351,86;532,85
;Housing;67,68;29,95;97,9;265,33;658,75
;Energy;70,01;38,37;102,8;194,59;353,9
;Transport;122,11;25,46;126,29;928,78;6376,91
;Water;18,61;8,86;27,53;60,79;209,07
;Education sector;112,87;54,62;174,41;333,34;656,79
;Health;20,29;11,53;29;56,84;108,84
;ICT;46,85;8,77;68,85;294,89;845,73
;Financial services;4,99;1,06;6,89;27,43;231,64
;Other goods and services;92,66;42,43;131,05;351,86;1288,57
;"Appliances
 ";23,62;12,02;34,24;78,81;121,27
Guatemala;All sectors;2796,42;809,49;2042,95;5279,35;14985,42
;Food and beverages;1017,13;472,14;959,3;1724,99;2865,27
;Clothing and footwear;108,43;42,86;90,28;185,49;465,91
;Housing;467,73;94,35;277,56;970,06;3079,44
;Energy;121,02;41,03;116,31;205,55;429,39
;Transport;214,01;14,06;76,19;387,1;2309,12
;Water;11,25;1,26;6,99;25,46;70,5
;Education sector;67,69;2,32;21,19;140,89;703,93
;Health;182,83;29,19;114,93;404,21;1105,6
;ICT;65,45;2,04;21,89;151,72;610,91
;Financial services;46,42;2,54;17,48;74,06;532,82
;Other goods and services;406,04;92,95;273,91;812,73;2394,53
;"Appliances
 ";88,42;14,74;66,91;197,07;418
Guinea;All sectors;805,55;615,29;1736,83;3943,17;
;Food and beverages;572,47;466,34;1096,82;2055,49;
;Clothing and footwear;32,87;24,93;71,92;152,76;
;Housing;27;20,1;59,32;218,64;
;Energy;25,74;18,14;63,38;126,83;
;Transport;42,2;19,53;150,87;540,26;
;Water;2,37;1,12;8,47;25,24;
;Education sector;7,85;3,48;29,4;72,61;
;Health;23,18;17,18;52,97;97,96;
;ICT;12,73;5,1;50,19;133;
;Financial services;0,2;0,05;0,92;2,91;
;Other goods and services;41,7;30,73;93,12;347,56;
;"Appliances
 ";17,25;8,59;59,44;169,9;
Honduras;All sectors;1584,75;624,26;1976,05;5078,69;14035,45
;Food and beverages;913,68;493,68;1306,88;1873,84;1987,17
;Clothing and footwear;40,13;12,01;48,62;164,82;312,96
;Housing;73,74;21,91;89,42;298,56;625,47
;Energy;0;0;0;0;0
;Transport;358,82;43,65;312,11;1901,32;8411,3
;Water;0;0;0;0;0
;Education sector;0;0;0;0;0
;Health;1,29;0,22;1,06;6,75;29,68
;ICT;13,49;1,46;16,22;67,38;165,9
;Financial services;6,27;0,22;3,36;40;210,95
;Other goods and services;120,34;32,2;125,03;515,52;1929,97
;"Appliances
 ";57;18,9;73,36;210,49;362,05
India;All sectors;833,99;597,15;1821,4;4707,48;11835,96
;Food and beverages;372,25;318,08;625,52;1007,97;1406,27
;Clothing and footwear;49,9;39,51;95,27;203,22;273,88
;Housing;104,03;33,55;367,63;1538,58;4579,15
;Energy;66,8;56,32;112,62;220,32;363,6
;Transport;43,56;22,97;125,67;396,01;2390,62
;Water;2;1,01;6,25;17,06;47,01
;Education sector;29,51;12,82;102,87;274,79;140,51
;Health;37,8;27,41;87,04;153,23;226,98
;ICT;27,3;14,9;77,52;246,05;545,24
;Financial services;0,33;0,26;0,62;1,87;1,48
;Other goods and services;80,56;54,68;181,05;570,14;1734,32
;"Appliances
 ";19,96;15,64;39,34;78,22;126,91
Indonesia;All sectors;1017,49;678,85;1801,75;4487,92;10340,78
;Food and beverages;493,96;381,6;781,38;1267,75;1414,71
;Clothing and footwear;35,62;24,24;63,11;137,71;176,04
;Housing;118,06;61,34;243,87;790,65;746,4
;Energy;56,79;42,3;91,85;186,08;174,5
;Transport;90,54;39,93;197,58;746,98;2604,72
;Water;5;2,24;11,47;32,29;65,07
;Education sector;29,55;15,73;61,54;173,45;193,62
;Health;22,43;13,06;45,05;106,9;80,28
;ICT;33,97;14,23;77,77;267,56;262,18
;Financial services;3,2;0,27;6,96;76,37;206,95
;Other goods and services;110,42;71,45;189,85;636,84;4323,38
;"Appliances
 ";17,96;12,47;31,33;65,34;92,94
Iraq;All sectors;2358,26;892,98;2046,91;4911,9;14056,27
;Food and beverages;822,53;422,72;796,53;1404,39;2303,07
;Clothing and footwear;189,5;71,47;170,3;387,8;904,41
;Housing;525,98;191,13;461,64;1097,79;2980,06
;Energy;114,57;50,53;108,85;212,1;379,07
;Transport;317,55;41,52;188,95;958,07;4226,53
;Water;0;0;0;0;0
;Education sector;20,12;7,52;18,01;42,55;82,55
;Health;51,39;18,85;46,72;92,82;399,42
;ICT;82,1;20,42;68,1;193,74;566,93
;Financial services;2,68;0,25;1,61;7,79;41,32
;Other goods and services;211,92;62,12;167,59;474,34;2094,43
;"Appliances
 ";19,9;6,46;18,62;40,51;78,47
Jamaica;All sectors;2692,68;861,31;2055,74;4979,38;13343,72
;Food and beverages;869,92;411,96;808,33;1367,94;1809,63
;Clothing and footwear;189,07;79,9;169,61;307,97;530,23
;Housing;247,36;9,87;78,35;583,16;3401,93
;Energy;202,09;74,17;170,06;363,5;620,08
;Transport;388,24;82,78;262,2;761,91;2730,9
;Water;44,47;10,23;37,68;81,99;166,39
;Education sector;124,45;43,92;94,1;244,86;461,29
;Health;89,48;39,99;81,71;135,02;297,85
;ICT;143,69;30,09;110,72;280,67;688,4
;Financial services;71,36;1,99;19,15;200,33;768,48
;Other goods and services;235,65;46,42;148,62;500,8;1588
;"Appliances
 ";86,9;29,97;75,22;151,23;280,54
Jordan;All sectors;3144,17;766,92;2240,6;5110,35;12144,97
;Food and beverages;1135,71;346,02;921,63;1749,35;2779,39
;Clothing and footwear;154,59;29,39;118,94;250,05;469,05
;Housing;530,56;137,51;377,45;839,82;2258,01
;Energy;132,58;40,96;105,16;193,43;483,03
;Transport;235,14;35,71;113,52;434,47;1568,91
;Water;28,07;9,67;22,66;39,97;99,58
;Education sector;177,11;10,35;75,57;345,24;1274,08
;Health;66,63;14,23;42,76;113,79;306,13
;ICT;202,4;32,81;124,71;359,27;942,79
;Financial services;9,64;0,56;4,34;18,25;70,57
;Other goods and services;411,04;94,12;284,55;674,22;1723,08
;"Appliances
 ";60,68;15,58;49,3;92,51;170,35
Kazakhstan;All sectors;2989,67;988,4;2243,47;4825,76;11098,88
;Food and beverages;1755,21;667,74;1390,5;2699,24;4823,48
;Clothing and footwear;225,12;62,67;172,52;353,44;1053,74
;Housing;19,08;1,2;7,66;41,62;252,27
;Energy;271,93;87,97;200,47;449,82;886,33
;Transport;111,55;26,12;73,17;197,52;714,02
;Water;21,58;8,53;16,61;33,62;81,27
;Education sector;63,68;10,98;42;117,79;213,61
;Health;67,87;14,85;42,31;127,12;346,88
;ICT;60,59;5,63;31,75;123,26;503,94
;Financial services;0,02;0;0,01;0,05;0
;Other goods and services;267,29;71,47;181,87;461,77;1531,11
;"Appliances
 ";125,74;31,23;84,59;220,48;692,25
Kenya;All sectors;828,79;518,05;1841,62;5317,28;13434,93
;Food and beverages;459,27;348,7;894,72;1674,28;3486,93
;Clothing and footwear;68,03;40,56;166,03;461,87;728,94
;Housing;51,63;13,59;172,18;651,35;1428,2
;Energy;34,96;21,36;83,07;223,47;429,52
;Transport;68,32;19,72;166,51;1106,28;2999,65
;Water;7,81;4,62;17,6;50,73;193,49
;Education sector;0;0;0;0;0
;Health;23,8;11,5;50,71;138,77;1702,61
;ICT;24,32;7,23;75,87;311,86;656,8
;Financial services;1,4;0,29;2,65;33,23;65,5
;Other goods and services;73,55;41,81;169,57;561,17;1567,73
;"Appliances
 ";15,72;8,66;42,71;104,28;175,55
Kyrgyz Republic;All sectors;1503,38;901,88;1812,02;4471,43;14156,41
;Food and beverages;886,09;591,93;1054,58;2063,52;7061,25
;Clothing and footwear;153,71;96,9;182,61;437,03;1412,07
;Housing;30,76;9,02;35,74;239,12;161,15
;Energy;61,13;29,68;78,02;209,86;322,04
;Transport;134,49;66,82;157,15;646,18;2347,25
;Water;5,92;2,89;7,81;16,46;17,13
;Education sector;37,21;9,79;52,82;147,95;642,76
;Health;22,3;10,75;28,09;83,17;121,47
;ICT;40,45;21,63;49,74;141,32;281,39
;Financial services;0,1;0,02;0,14;0,39;1,54
;Other goods and services;106,32;51,45;133,12;396,04;1435,21
;"Appliances
 ";24,9;10,99;32,2;90,38;353,15
Lao PDR;All sectors;1217,39;632,87;2774,27;5615,57;17763,38
;Food and beverages;637,21;428,23;1355,21;1462,9;1223,75
;Clothing and footwear;35,25;18,42;89,68;125,9;79,23
;Housing;167,28;50,9;443,89;1173,2;4896,54
;Energy;37,54;28,43;65,76;91,33;118,07
;Transport;188,28;47,52;402,18;1922,9;10451,49
;Water;2,44;0,54;7,99;15,73;19,13
;Education sector;14,89;6,17;42,43;64,5;66,36
;Health;21,9;9,84;57,84;111,32;10,96
;ICT;29,64;10,72;87,01;155,23;120,11
;Financial services;0,13;0,06;0,35;0,52;1,77
;Other goods and services;76,43;29,28;204,05;463,53;766,98
;"Appliances
 ";6,38;2,74;17,87;28,5;8,98
Latvia;All sectors;5240,8;899,82;2413,53;5606,57;13494,92
;Food and beverages;1743,85;537,45;1075,01;1917,04;3267,57
;Clothing and footwear;287,04;12,41;63,66;284,23;1095,48
;Housing;230,74;39,01;107,88;253,32;553,59
;Energy;463,21;98,69;272,37;533,87;786,87
;Transport;724,6;27,09;187,87;728,66;2617,34
;Water;34,52;11,99;24,48;37,78;54,9
;Education sector;100,82;2,98;32,33;119,15;247,15
;Health;288,86;8,1;101,76;330,6;737,64
;ICT;339,32;43,71;176,41;370,34;771,88
;Financial services;106,16;10,05;36,42;113,81;314,48
;Other goods and services;798,96;93,59;279,06;788,27;2719,58
;"Appliances
 ";122,74;14,72;56,26;129,49;328,43
Lesotho;All sectors;1226,64;572,41;1940,45;4919,6;14375,35
;Food and beverages;442,5;249,93;702,63;1399,79;2758,59
;Clothing and footwear;133,16;42,88;233,97;675,42;1307,71
;Housing;226,62;125,76;351,27;772,32;1590,56
;Energy;76,73;43,66;121,14;247,61;398,63
;Transport;86,43;20;117,3;422,11;4877,39
;Water;2,49;0,51;4,14;16,13;42,08
;Education sector;35,83;6,33;62,78;218,6;752,03
;Health;12,16;5,1;21,58;49,87;65,5
;ICT;18,72;2,77;27,19;137,11;541,53
;Financial services;3,77;0,87;5,35;29,3;37,54
;Other goods and services;156,4;57,28;241,79;843,62;1845
;"Appliances
 ";31,82;17,31;51,3;107,73;158,81
Liberia;All sectors;749,76;568,38;1710,93;4532,7;
;Food and beverages;427,1;357,53;855,41;1159,15;
;Clothing and footwear;45,64;37,89;94,11;118,7;
;Housing;44,6;34,24;100,57;248,06;
;Energy;29,41;17,74;87,39;319,58;
;Transport;76,89;36,09;228,23;1709,19;
;Water;1,77;0,7;7,75;20,53;
;Education sector;21,03;16,47;47,26;91,63;
;Health;14,41;12,39;25,83;47,21;
;ICT;29,16;15,03;107,55;281,34;
;Financial services;1,28;0,64;2,86;36,95;
;Other goods and services;41,96;28,02;109,8;405,19;
;"Appliances
 ";16,5;11,63;44,17;95,18;
Lithuania;All sectors;4403,89;964,15;2441,68;5268,57;13413,98
;Food and beverages;1889,74;612,21;1274,55;2273,63;3759,43
;Clothing and footwear;374,26;36,13;138,43;467,99;1516,09
;Housing;401,12;79;229,06;473,69;1231,25
;Energy;168,35;36,31;101,43;199,66;465,79
;Transport;431,84;37,31;178,19;506,87;1914,76
;Water;9,13;1,97;5,5;10,83;25,26
;Education sector;24,69;0,98;10,81;33,66;61,6
;Health;216,65;19,66;100,25;273,37;697,24
;ICT;248,59;54,98;148,57;292,84;714,98
;Financial services;27,21;2,92;10,26;31,96;127,82
;Other goods and services;545,55;75,53;219,45;625,69;2586,23
;"Appliances
 ";66,75;7,15;25,17;78,39;313,52
Macedonia (FYR);All sectors;5077,69;941,44;2386,56;5592,13;13994,29
;Food and beverages;2606,54;772,98;1610,56;2973,28;5066,88
;Clothing and footwear;429,87;6,77;107,64;461,24;1634,79
;Housing;77,6;0,54;5,46;39,21;583,29
;Energy;495,38;9,6;129,83;550,38;1760,88
;Transport;339,47;9,31;80,53;384,35;1199,83
;Water;2,61;0,34;0,84;3,12;7,38
;Education sector;9,96;0;1,48;10,88;40,74
;Health;163,18;12;74,17;181,25;457,22
;ICT;297,85;7,17;64,3;305,04;1248,72
;Financial services;0,69;0;0;0,3;5,64
;Other goods and services;540,24;94,15;254,87;550,62;1723,2
;"Appliances
 ";114,32;28,59;56,87;132,46;265,74
Madagascar;All sectors;289,13;263,81;1696,38;5061,95;14767,79
;Food and beverages;181,23;169,31;761,93;4688,43;14675,91
;Clothing and footwear;12,19;11,49;55,67;12,91;4,6
;Housing;35,68;31,46;295,85;121,06;25,95
;Energy;11,53;9,84;115,67;44,87;12,97
;Transport;15,45;12,59;190,95;129,1;4,24
;Water;2,48;1,77;46,69;14,79;1,95
;Education sector;5,94;5,44;37,43;4,56;0
;Health;1,94;1,87;6,31;3,25;0,27
;ICT;3,13;2,14;64,21;14,41;0,42
;Financial services;0;0;0;0;0
;Other goods and services;18,89;17,37;113,13;25,38;41,08
;"Appliances
 ";0,67;0,54;8,55;3,19;0,41
Malawi;All sectors;614,39;458,66;1758,45;4998,94;11709,66
;Food and beverages;390,84;321,88;968,06;1870,1;3796,7
;Clothing and footwear;17,42;11,91;60,94;165,96;129,14
;Housing;68,42;46,66;217,75;800,48;1057,49
;Energy;20,16;11,34;94,04;215,01;352,3
;Transport;28,64;11,72;112,74;682,9;3401,89
;Water;5,06;2,15;22,53;116,98;225,33
;Education sector;7,51;4,78;28,3;89,78;31,14
;Health;6,69;5,81;14,07;23,43;83,32
;ICT;25,87;13,46;111,08;431,16;773,56
;Financial services;0,49;0,01;1,88;24,58;128,74
;Other goods and services;26,94;16,27;83,15;454,97;1528,78
;"Appliances
 ";16,36;12,66;43,91;123,58;201,26
Maldives;All sectors;1869,09;807,11;1989,19;4983,64;11424,93
;Food and beverages;491,2;311,35;548,47;848,36;1213,94
;Clothing and footwear;68,12;35,89;73,96;150,8;359,2
;Housing;312,65;63,31;287,18;1312,23;3215,75
;Energy;134,06;90,01;148,83;215,47;374,82
;Transport;147,06;37,08;169,28;397,87;1716,59
;Water;25,53;6,83;27,96;78,17;209,28
;Education sector;43,17;18,1;50,62;96,29;129,93
;Health;138,76;42,77;165,37;351,92;489,23
;ICT;135,27;51,92;150,95;341,34;1025,42
;Financial services;0,6;0,01;0,8;1,74;2,04
;Other goods and services;281,41;101,33;267,11;985,19;2256,87
;"Appliances
 ";91,26;48,5;98,66;204,26;431,86
Mali;All sectors;619,56;478,44;1760,22;4272,76;11170,68
;Food and beverages;320,64;279,4;677,22;1027,68;850,42
;Clothing and footwear;38,76;29,66;113,4;258,21;554,24
;Housing;47,26;24,23;212,91;981,02;2398,53
;Energy;33,23;25,73;92,81;246,58;471,22
;Transport;55,94;45,92;141,47;239,12;671,37
;Water;4,23;2,32;19,54;55,17;215,76
;Education sector;3,57;2,08;16,17;32,39;104,28
;Health;12,26;9,68;34,01;63,95;242,26
;ICT;37,3;17,6;194,68;557,21;3213,76
;Financial services;0,93;0,19;5,84;38,26;128,03
;Other goods and services;57,13;35,87;222,92;702,19;2249,32
;"Appliances
 ";8,32;5,77;29,24;70,96;71,49
Mauritania;All sectors;1388,78;752,66;1858,46;4871,15;11508,54
;Food and beverages;793,85;502,83;1067,04;2006,9;3701,82
;Clothing and footwear;108,1;71,61;138,24;292,62;456,64
;Housing;151,01;60,77;192,5;813,9;2208,1
;Energy;46,94;15,94;71,42;208,49;439,57
;Transport;64,75;19,39;82,5;393,98;1781,03
;Water;31,71;13,61;48,18;111;216,01
;Education sector;10,53;4,14;13,64;52,32;251,75
;Health;58,75;22,08;83,04;299,39;191,73
;ICT;12,46;2,99;16,27;78,86;408,69
;Financial services;0;0;0;0;0
;Other goods and services;102,8;37,64;135,14;563,13;1581,87
;"Appliances
 ";7,88;1,65;10,49;50,56;271,33
Mauritius;All sectors;2478,38;848,82;2114,66;5025,84;14495,76
;Food and beverages;1049,21;509,5;1024,11;1796,53;2849,89
;Clothing and footwear;136,2;26,7;111,61;341,88;609,39
;Housing;219,65;80,63;198,36;431,78;976,48
;Energy;46,06;18,02;41,9;88,91;193,82
;Transport;317,73;42,95;167,84;746,8;5252,86
;Water;11,19;4,38;10,18;21,6;47,1
;Education sector;66,89;7,92;41,82;167,53;808,85
;Health;56,94;2,26;33,45;161,24;645,19
;ICT;138,8;43,76;121,26;297,82;616,46
;Financial services;44,47;10,38;33,89;104,64;325,28
;Other goods and services;347,69;92,16;297,03;764,57;1851,7
;"Appliances
 ";43,57;10,17;33,21;102,54;318,73
Mexico;All sectors;2674,6;802,69;2070,9;5218,9;14276,55
;Food and beverages;607,93;263,52;567,79;1047,42;1834,88
;Clothing and footwear;168,3;53,45;133,75;321,31;859,9
;Housing;698,74;222,9;550,74;1353,65;3519,42
;Energy;116,53;51,9;111,35;193,15;344,21
;Transport;248,17;37,41;151,15;540,03;1962
;Water;25,25;9,3;23,81;44,2;83,58
;Education sector;223,16;44,23;154,44;483,76;1399,84
;Health;62,33;12,77;39,04;122,2;521,94
;ICT;118,21;21,09;89,79;262,21;608,64
;Financial services;13,22;0,02;1,52;33,45;194,21
;Other goods and services;235,47;17,99;106,08;548,35;2379,12
;"Appliances
 ";157,3;68,09;141,42;269,17;568,82
Moldova;All sectors;3059,47;757,91;2158,14;5275,31;13044,11
;Food and beverages;1198,73;417,24;1043,29;1908,51;3110,46
;Clothing and footwear;388,59;68,03;247,94;705,41;1899,43
;Housing;172,94;10,12;51,04;281,94;1912,9
;Energy;20,47;12,29;23,77;23,08;16,78
;Transport;281,98;31,76;154,05;586,86;1261,14
;Water;0;0;0;0;0
;Education sector;30,88;1,72;9,31;52,97;320,9
;Health;356,55;69,8;242,95;653,14;1468,01
;ICT;33,26;0,35;5,67;48,44;469,27
;Financial services;5,74;0,17;3,05;13,87;15,93
;Other goods and services;415,05;103,17;263,68;726,4;2034,78
;"Appliances
 ";155,28;43,27;113,38;274,69;534,51
Mongolia;All sectors;1446,31;784,45;1874,8;4870,09;12308,57
;Food and beverages;652,69;458,63;849,92;1187,23;1289,02
;Clothing and footwear;164,25;99,59;216,88;431,42;788,77
;Housing;27,7;7,25;38,17;171,44;131,69
;Energy;70,69;47,99;94,22;128,91;152,13
;Transport;235,15;41,46;250,29;1908,72;8185,9
;Water;13,17;5,4;20,74;37,06;43,51
;Education sector;37,45;14,22;58,87;116,39;180,26
;Health;18,8;10,22;26,62;48,63;75,73
;ICT;74,33;24,87;109,01;321,48;646,16
;Financial services;11,37;5,02;16,82;35,54;64,64
;Other goods and services;102,87;48,44;141,47;378,71;603,53
;"Appliances
 ";37,84;21,35;51,78;104,55;147,24
Montenegro;All sectors;5630,67;1130,82;2600,24;5608,11;12639,12
;Food and beverages;1783,06;613,49;1132,2;1876,19;2743,15
;Clothing and footwear;351,3;86,83;148,65;357;773,67
;Housing;1296;106,04;407,13;1212,94;3780,43
;Energy;517,14;148,42;295,58;536,14;914,29
;Transport;471,17;21,86;181,24;423,83;1406,63
;Water;41,89;0;8,92;42,53;112,12
;Education sector;112,47;9,92;1,84;117,24;328,36
;Health;136,95;17,94;40,16;129,2;398,65
;ICT;277,67;36,74;110,53;275,6;668,15
;Financial services;7,83;0;0;8,68;20,17
;Other goods and services;545,33;67,74;221,75;538,35;1319,9
;"Appliances
 ";89,87;21,84;52,24;90,4;173,59
Morocco;All sectors;2236,79;881,06;2015,12;5029,74;13594,39
;Food and beverages;989,7;480,21;966,79;1956,59;3341,7
;Clothing and footwear;112,53;30,5;95,96;296,29;761,53
;Housing;385,15;144,92;347,88;880,19;2295,71
;Energy;122,53;73,84;122,55;205,92;356,4
;Transport;129,75;26,55;79,2;359,5;2446,66
;Water;28,96;8,01;27,34;68,66;160,66
;Education sector;36,42;12,54;25,3;91,93;511,85
;Health;111,07;28,61;97,15;289,81;705,83
;ICT;60,87;8,14;45,38;187,81;602,26
;Financial services;32,59;1,56;16,04;119,47;560,71
;Other goods and services;204,34;59,31;172,39;514,97;1672,7
;"Appliances
 ";22,87;6,85;19,11;58,59;178,39
Mozambique;All sectors;563,89;428,28;1757,23;5075,59;25002,29
;Food and beverages;296,1;269,7;638,38;957,44;1398,36
;Clothing and footwear;35,59;26,63;138,4;370,7;321,08
;Housing;75,61;46,62;392,25;1084,59;2191,98
;Energy;42;36,89;101,27;219,77;257,13
;Transport;34,29;13,62;157,41;1065,4;4260,55
;Water;4,31;2,54;24,46;67,28;94,08
;Education sector;1,55;1,02;8,46;16,39;6,37
;Health;3,16;2;12,01;59,34;163,44
;ICT;16,88;7,11;101,3;477,61;983,18
;Financial services;16,15;0,01;1,24;32,66;13452,12
;Other goods and services;31,35;17,69;148,28;634,82;1692,28
;"Appliances
 ";6,89;4,46;33,77;89,6;181,72
Namibia;All sectors;1510,85;539,17;1939,25;5373,73;17256,14
;Food and beverages;355,87;249,36;500,09;738,13;1383,05
;Clothing and footwear;86,16;39,28;150,05;285,01;450,65
;Housing;270,61;95,32;337,74;1006,02;3089,66
;Energy;56,23;20,29;69,77;209,1;630,44
;Transport;209,12;25,87;233,53;902,37;3746,3
;Water;27,56;9,94;34,19;102,48;308,97
;Education sector;44,25;9,99;61,04;228,39;453,11
;Health;25;5,23;28,96;111,24;364,02
;ICT;62,27;17,7;94,89;242,14;668,89
;Financial services;79,72;10,58;85,9;347,59;1422,29
;Other goods and services;246,13;49,24;291,45;992,32;3883,8
;"Appliances
 ";47,92;6,36;51,63;208,94;854,96
Nepal;All sectors;980,28;685,52;1757,15;4695,08;15368,62
;Food and beverages;501,7;412,99;781,81;1157,37;1301,77
;Clothing and footwear;56,02;44,21;91,18;171,5;198,42
;Housing;26,51;10,25;72,41;217,53;280,47
;Energy;46,81;36,01;80,63;130,59;143,38
;Transport;85,13;19,55;162,3;1800,78;11821,89
;Water;5,19;4,1;8,4;15,72;32,96
;Education sector;31,56;14,22;81,8;222,78;190,99
;Health;87,08;61,36;174,75;192,79;204,9
;ICT;55,79;28,61;132,35;380,07;428,04
;Financial services;6,31;2,16;17,66;57,58;117,53
;Other goods and services;68,99;45,07;137,99;319,43;613,41
;"Appliances
 ";9,2;7;15,88;28,95;34,85
Nicaragua;All sectors;509,98;415,32;1689,75;3899,37;
;Food and beverages;248,36;225,19;562,3;749,02;
;Clothing and footwear;16,29;12,9;62,21;91,09;
;Housing;22,34;15,11;116,26;229,65;
;Energy;23,71;19,8;76,15;115,43;
;Transport;55,36;34,42;267,34;1443,91;
;Water;6,41;5,16;22,23;48,51;
;Education sector;16,03;11,15;79,37;159,26;
;Health;32,6;26,6;111,52;192,43;
;ICT;27,01;18,48;136,69;289,23;
;Financial services;0,57;0,14;5,8;18,17;
;Other goods and services;40,28;28,32;189,41;466,97;
;"Appliances
 ";21,01;18,04;60,47;95,68;
Niger;All sectors;574,99;466,42;1851,55;4836,92;12131,53
;Food and beverages;312,12;282,56;669,4;1415,95;1784,31
;Clothing and footwear;52,06;42,77;169,02;349,83;331,99
;Housing;46,69;35,04;189,18;435,98;1357,3
;Energy;19,73;12,99;100,09;267,15;849,98
;Transport;42,2;20,91;256,99;1193,39;5389,27
;Water;8,21;5,03;49,11;95,73;215,09
;Education sector;4,26;1,25;43,74;84,34;9,87
;Health;12,62;9,9;46,25;109,14;56,55
;ICT;12,8;6,17;92,01;256,39;757,27
;Financial services;0,45;0,12;3,83;17,17;60,52
;Other goods and services;55,55;43;203,37;549,53;1253,95
;"Appliances
 ";8,31;6,68;28,56;62,33;65,43
Nigeria;All sectors;622,99;486,56;1727,69;4247,23;10809,03
;Food and beverages;353,93;295,98;834,9;1510,74;1637,78
;Clothing and footwear;23,56;16,43;80,3;245,25;205,25
;Housing;79,01;62,56;208,88;625,31;2553,14
;Energy;11,91;9,42;31,91;82,21;116,27
;Transport;34,85;22,62;130,98;452,72;4169,5
;Water;2,16;1,55;6,91;22,94;0
;Education sector;12,4;9,37;37,71;67,5;0
;Health;71,54;44,86;285,17;861,88;0
;ICT;8,83;6,01;30,37;126;499,9
;Financial services;0,81;0,52;3,02;11,27;0
;Other goods and services;23,78;17,09;76,77;239,27;1627,19
;"Appliances
 ";0,22;0,16;0,77;2,14;0
Pakistan;All sectors;1017,66;762,99;1681,8;4686,72;15810,92
;Food and beverages;508,72;424,73;754,13;1265,57;2017,09
;Clothing and footwear;55,75;44,35;86,97;197,09;182,4
;Housing;144,34;83,15;287,79;1281,08;8880,04
;Energy;78,41;61,78;124,06;280,89;420,56
;Transport;72,55;41,26;149,95;601,78;1477,36
;Water;0,16;0,09;0,32;1,67;13,78
;Education sector;19,57;8,74;46,76;198,98;9,71
;Health;23,75;20,09;33,88;67,15;38,38
;ICT;16,46;10,1;32,24;122,92;334,51
;Financial services;0,72;0,4;1,55;5,04;29,49
;Other goods and services;79,73;55,04;135,13;592,16;2310,79
;"Appliances
 ";17,51;13,26;29,03;72,38;96,83
Papua New Guinea;All sectors;3152,38;657,28;2245,5;5261,24;12111,96
;Food and beverages;2154,82;394,06;1558,09;3658,92;7694,87
;Clothing and footwear;63,06;20,86;48,95;99,79;186,35
;Housing;251,58;90,97;183,32;373,98;1102,89
;Energy;0;0;0;0;0
;Transport;67,1;16,85;40,76;107,26;387,35
;Water;0;0;0;0;0
;Education sector;70,13;24,63;47,19;104,62;365,16
;Health;129,76;18,94;70,22;226,65;774,9
;ICT;23,5;5,22;14,34;39,89;116,16
;Financial services;3,87;0,09;1,03;7,19;37,33
;Other goods and services;370,66;79,57;267,39;616,29;1383,41
;"Appliances
 ";17,9;6,09;14,22;26,66;63,55
Paraguay;All sectors;3664,27;741,37;2232,32;5227,1;13217,83
;Food and beverages;1490,34;392,94;1082,3;2207,78;3761,67
;Clothing and footwear;142,73;31,78;79,32;202,08;553,49
;Housing;588,94;150,91;405,26;827,84;1833,74
;Energy;158,65;19,99;112,51;238;471,03
;Transport;355,93;25,86;144,45;448,7;2100,82
;Water;32,73;1,13;16,69;54,6;115,13
;Education sector;17,91;1,34;8,26;29,67;66,36
;Health;282,93;55,13;157,59;410,73;1071,79
;ICT;129,82;1,78;29,92;168,69;887,86
;Financial services;41,09;0,05;4,95;58,05;284,35
;Other goods and services;347,72;42,94;138,7;468,77;1862,3
;"Appliances
 ";75,48;17,53;52,38;112,2;209,31
Peru;All sectors;3009,98;850,55;2192,55;5047,74;14105,99
;Food and beverages;973,08;452,04;887,02;1432,23;1973,39
;Clothing and footwear;147,94;54,83;118,56;243,42;463,25
;Housing;562,48;104,42;385,15;1036,85;2647,24
;Energy;105,02;24,99;92,2;167,63;315,05
;Transport;354,94;40,86;106,27;602,84;4619,32
;Water;32,55;5,94;26,53;54,64;122,8
;Education sector;63,85;16,84;50,28;112,24;199,6
;Health;183,45;54,74;152,86;305,37;524,98
;ICT;241,6;25,5;159,39;476,52;1110,72
;Financial services;1,75;0,01;0,57;3,69;17,55
;Other goods and services;257,86;50,74;147,49;463,47;1797,85
;"Appliances
 ";85,46;19,66;66,22;148,85;314,24
Philippines;All sectors;1247,58;666,06;1919,85;4644,67;11951,81
;Food and beverages;587,92;401,64;847,37;1397,72;1730,35
;Clothing and footwear;31,21;15,57;49,71;121,64;168,49
;Housing;184,43;70,09;298,52;962,11;3579,94
;Energy;91,62;47,02;145,88;335,88;721,38
;Transport;96,49;32,32;156,8;549,16;2758,86
;Water;13,48;5,02;24,14;56,58;176,71
;Education sector;45,22;11,36;79,05;286,16;201,47
;Health;20,83;9,81;35,28;74,66;105,76
;ICT;34,36;9,33;58,97;210,97;480,33
;Financial services;24,75;5,56;47,6;133,61;267,02
;Other goods and services;78,33;35,4;115,76;405,67;1549,05
;"Appliances
 ";38,93;22,94;60,76;110,52;212,44
Romania;All sectors;3563,18;976,15;2392,74;4986,63;12784,17
;Food and beverages;1624,31;728,02;1313,28;2042,77;3682,35
;Clothing and footwear;215,89;23,6;120,11;327,38;1035,38
;Housing;34,47;0,79;10,06;53,68;411,64
;Energy;426,09;74,27;273,35;641,16;1008,48
;Transport;206,74;8,83;97,08;305,95;1726,44
;Water;0;0;0;0;0
;Education sector;31,54;0,04;7,95;53,6;315,69
;Health;157,81;14,08;70,31;259,54;831,63
;ICT;198,96;22,35;115,54;297;913,3
;Financial services;11,77;0;1,5;19,44;173,89
;Other goods and services;562,89;91,14;331,47;842,58;2329,2
;"Appliances
 ";92,7;13,03;52,09;143,53;356,17
Russia;All sectors;6829,4;998,3;2476,01;5643,15;17463,56
;Food and beverages;2459,7;658,12;1370,57;2468,88;4314,2
;Clothing and footwear;756,41;61,06;226,21;628,68;2004,76
;Housing;567,21;75,4;213,64;491,73;1375,52
;Energy;248,29;33,89;92,68;198,42;649,21
;Transport;815,32;51,83;173,68;523,16;2694,53
;Water;16,94;3,6;9,43;17,52;28,4
;Education sector;132,22;9,22;35,87;124,94;315,41
;Health;236,35;8,61;35,12;144,01;826,73
;ICT;381,32;37,79;114,2;297,65;1062,33
;Financial services;97,17;2,85;14,74;62,57;330,3
;Other goods and services;1027,3;50,97;173,93;635,87;3531,3
;"Appliances
 ";91,18;4,96;15,93;49,73;330,87
Rwanda;All sectors;530,51;310,54;1931,94;5264,1;14195,69
;Food and beverages;209,17;144,48;709,05;1447,23;2519,91
;Clothing and footwear;38,05;28,07;108,02;249,65;450,23
;Housing;91,03;53,28;333,89;881,03;2586,76
;Energy;25,06;15,09;103,76;212,58;352,23
;Transport;47,7;16,38;201,07;843,86;2455,85
;Water;1,02;0,06;7,22;21,67;54,1
;Education sector;13,26;6,7;56,73;151,63;389,47
;Health;8,72;5,9;31,74;63,59;56,39
;ICT;17,32;3,23;97,17;352,88;926,64
;Financial services;1,45;0,19;5,09;37,75;151,37
;Other goods and services;60,74;26,29;217,76;863,6;3922,83
;"Appliances
 ";16,99;10,88;60,42;138,64;329,92
Sao Tome and Principe;All sectors;3850,38;902,54;2308,07;5242,87;12505,08
;Food and beverages;2610,76;707,76;1731,89;3526,17;6886,83
;Clothing and footwear;182,1;31,44;93,12;275,73;551,22
;Housing;29,29;1,73;15,78;38,18;133,26
;Energy;307,34;45,73;152,34;444,3;1154,15
;Transport;239,49;18,51;82,64;308,05;1586,3
;Water;23,92;0,3;8,16;33,85;137,35
;Education sector;24,33;5;13,39;37,76;55,7
;Health;150,62;34,8;77,07;203,54;635,79
;ICT;0;0;0;0;0
;Financial services;0;0;0;0;0
;Other goods and services;226,58;37,25;93,01;303,94;1226,32
;"Appliances
 ";55,95;20,03;40,66;71,35;138,16
Senegal;All sectors;919,32;614,73;1777,19;4500,85;
;Food and beverages;484,97;376,64;815,68;1431,52;
;Clothing and footwear;57,26;37,12;114,84;283,18;
;Housing;145,03;74,71;332,78;1103,71;
;Energy;47,45;25,73;108,5;304,5;
;Transport;37,81;17,84;87,45;357,26;
;Water;13,42;7,19;30,2;96,65;
;Education sector;0,86;0,43;2,17;4,75;
;Health;23,25;14,29;49,96;109,77;
;ICT;18,1;8,6;43,9;142,09;
;Financial services;0;0;0;0;
;Other goods and services;66,33;38,45;135,93;508,16;
;"Appliances
 ";24,83;13,73;55,79;159,27;
Serbia;All sectors;5023,1;967,2;2581,92;5434,35;13272,37
;Food and beverages;2235,21;625,97;1426,79;2504,67;4035,74
;Clothing and footwear;290,97;48,54;102,63;315,2;971,31
;Housing;76,13;0;18,05;80,18;311,05
;Energy;265,43;67,09;188,76;298,24;390,25
;Transport;550,01;14,97;159,05;495,71;2730,04
;Water;83,37;4,89;33,66;95,19;225,6
;Education sector;130,75;4,46;31,57;144,08;484,66
;Health;217,78;17,05;103,8;238,73;591,91
;ICT;200,48;11,82;87,97;226,86;526,8
;Financial services;42,61;0;8,13;48,31;157,71
;Other goods and services;750,88;132,91;317,82;788,98;2452,93
;"Appliances
 ";179,49;39,49;103,7;198,2;394,38
Sierra Leone;All sectors;1329,57;762,06;1915,48;4511,91;14000,49
;Food and beverages;715,66;473,38;1020,46;1728,26;2230,71
;Clothing and footwear;124,51;69,38;185,59;430,78;607,1
;Housing;77,73;46,48;106,59;277,74;959,9
;Energy;62,52;29,58;95,18;277,88;469,11
;Transport;64,52;13,52;77,95;425;7345,98
;Water;3,08;0,54;4,08;29,25;145,77
;Education sector;30,09;10,37;50,8;155,9;110,65
;Health;102,73;48,47;160,4;428,97;571,39
;ICT;10,94;1,6;13,93;129,82;227,03
;Financial services;0,65;0,14;0,75;7,91;11,41
;Other goods and services;115,28;58,11;165,75;529,45;1242,36
;"Appliances
 ";21,83;10,49;34,01;90,94;79,1
South Africa;All sectors;3979,21;725,27;2027,63;5610,46;19342,65
;Food and beverages;603,13;274,13;582,68;888,44;1448,42
;Clothing and footwear;177,89;70,82;158,28;293,23;459,93
;Housing;1009,4;122,14;415,03;1446,12;5398,56
;Energy;145,48;42,45;93,14;213,19;580,28
;Transport;701,77;64,31;272,27;842,66;4110,5
;Water;48,76;5,61;21,86;74,96;249,02
;Education sector;113,56;7,43;40,73;197,35;598,6
;Health;42,74;10,93;24,96;60,49;186,46
;ICT;152,91;26,38;81,67;235,92;708,17
;Financial services;554,72;28,24;120,94;784,27;3447,11
;Other goods and services;381,25;58,57;172,85;497,53;2015,02
;"Appliances
 ";47,6;14,27;43,2;76,3;140,59
Sri Lanka;All sectors;1788,65;911,43;1913,61;4756,12;13099,9
;Food and beverages;851,03;572,74;941,08;1466,83;1576,91
;Clothing and footwear;58,74;29,45;65,28;146,72;190,22
;Housing;402,78;125,48;412,87;1589,48;4062,59
;Energy;77,12;46,85;82,75;174,5;298,51
;Transport;136,41;32,16;132,26;537,06;4570,67
;Water;5,63;2,01;6,09;18,8;39,32
;Education sector;38,25;10,56;40,67;152,43;193,07
;Health;44,95;16,74;47,91;128,09;986
;ICT;47,85;14,3;51,67;170,97;441,65
;Financial services;7,19;1,13;7,09;34,83;115,89
;Other goods and services;99,45;47,94;104,85;297,86;560,01
;"Appliances
 ";19,26;12,06;21,08;38,56;65,07
Swaziland;All sectors;901,98;448,6;1929,57;4855,73;14289,7
;Food and beverages;221,09;138,69;477,89;762,91;1295,45
;Clothing and footwear;46,99;24,77;96,92;291,73;257,32
;Housing;229,88;119,7;480,65;1184,02;3499,61
;Energy;50,82;20,53;129,16;306,62;611,77
;Transport;109,8;43,46;219,08;666,34;4010,4
;Water;12,09;4,1;29,47;91,95;185,11
;Education sector;57,07;32,17;116,92;313,95;283,89
;Health;39,08;20,45;67,34;257,59;670,77
;ICT;37,11;11,24;88,9;300,19;748,81
;Financial services;17,27;0,69;28,29;251,35;817,97
;Other goods and services;71,82;28,66;173,54;377,83;1824,32
;"Appliances
 ";8,95;4,13;21,4;51,23;84,28
Tajikistan;All sectors;2226,93;931,08;2083,79;4504,55;11401,92
;Food and beverages;1352,15;617,76;1275,67;2636,72;5353,54
;Clothing and footwear;34,39;25,46;32,82;53,45;64,48
;Housing;39,15;7,14;29,6;112,38;1177,9
;Energy;329,79;121,28;333,69;582,52;445,91
;Transport;161,18;38,22;127,71;452,44;2673,88
;Water;7,46;4,22;7,74;10,03;32,2
;Education sector;24,13;6,34;21,42;60,05;80,62
;Health;96;39,5;90,63;194,81;223,34
;ICT;36,86;14,06;32,28;83,25;475,46
;Financial services;1,72;0,53;1,71;3,31;3,26
;Other goods and services;116,27;43,7;105,92;253,8;738,76
;"Appliances
 ";27,82;12,86;24,61;61,81;132,56
Tanzania;All sectors;513,85;436,52;1704,49;4420,79;10482,11
;Food and beverages;343,79;314,27;840,8;1153,09;1075,32
;Clothing and footwear;32,05;27,28;110;206,21;168,57
;Housing;11,58;7,7;70,5;233,69;59,36
;Energy;3,05;2,33;14,47;32,47;63,37
;Transport;25,3;14,59;157,82;967,29;8147,26
;Water;0,77;0,48;4,99;21,57;35
;Education sector;10,71;5,33;80,95;525,07;108,44
;Health;7,25;6,36;22,31;29,15;23,9
;ICT;4,77;3,21;27,87;101,63;98,54
;Financial services;0,72;0,3;1,32;128,52;37
;Other goods and services;64,86;47,29;337,57;960,01;650,96
;"Appliances
 ";8,99;7,37;35,87;62,08;14,39
Thailand;All sectors;3115,07;1004,08;2160,96;5136,72;13182,41
;Food and beverages;1234,57;560,99;1029,82;1796,29;2823,75
;Clothing and footwear;87,75;20,49;55,04;156,72;420,42
;Housing;915,11;219,88;530,28;1608,01;5693,23
;Energy;119,95;40,93;85,1;195,37;478,19
;Transport;340,94;57,89;196,52;639,63;1823,57
;Water;28,83;11,95;21,44;46,87;85,28
;Education sector;4,36;0,37;2,13;9,7;19,04
;Health;40,95;6,27;23,14;76,09;239,61
;ICT;110,1;20,89;67,32;208,62;467,29
;Financial services;9,7;1,88;5,71;18,84;42,11
;Other goods and services;142,89;34,59;87,15;248,08;811,26
;"Appliances
 ";79,92;27,95;57,31;132,5;278,66
Timor Leste;All sectors;884,35;605,32;1845,35;4615,64;12258,18
;Food and beverages;494,41;409,45;818,64;1321,21;2371,5
;Clothing and footwear;42,49;23,34;119,24;194,56;194,85
;Housing;138,5;59,42;375,59;1559,5;4305,44
;Energy;29,26;16,14;74,38;213,34;200,78
;Transport;65,22;25,5;196,82;596,7;4173,98
;Water;0,23;0,19;0,19;2,74;0
;Education sector;23,51;8,68;78,84;189,51;12,31
;Health;0,17;0,08;0,63;0;0
;ICT;38,98;22,52;95,85;256,71;732,64
;Financial services;0;0;0;0;0
;Other goods and services;51,58;39,99;85,16;281,36;266,69
;"Appliances
 ";0;0;0;0;0
Togo;All sectors;642,77;489,26;1724,95;4495,79;
;Food and beverages;347,78;281,47;807,9;2121,47;
;Clothing and footwear;34,82;27,1;92,91;173,82;
;Housing;60,56;43,54;180,45;489,18;
;Energy;32,2;23,33;95,53;243,63;
;Transport;40,82;23,98;159,16;470,04;
;Water;7,4;4,96;24,71;66,91;
;Education sector;11,47;9,09;31,04;29,8;
;Health;28,02;21,81;73,95;151,06;
;ICT;16,19;8,1;71,79;240,57;
;Financial services;0,69;0,23;4,56;3,05;
;Other goods and services;50,22;36,19;148,14;417,15;
;"Appliances
 ";12,6;9,46;34,82;89,1;
Turkey;All sectors;3831,73;881,66;2254,5;5268,08;13575,05
;Food and beverages;1241,36;414,21;907,22;1679,68;2755,82
;Clothing and footwear;204,34;49,73;110,54;284,33;780,2
;Housing;721,32;161,11;400,08;1017,01;2599,94
;Energy;279,61;60,41;191,19;395,06;684,89
;Transport;519,97;53,37;189,44;670,68;3331,86
;Water;42,6;3,79;22,38;66,51;130,09
;Education sector;46,72;8,06;18,19;71,6;200,82
;Health;73,75;14,42;41,94;104,51;256,96
;ICT;200,26;28,49;107,35;291,06;725,63
;Financial services;6,25;0;0,68;6,16;69,19
;Other goods and services;447,96;73,48;235,34;617,36;1888,23
;"Appliances
 ";47,58;14,61;30,13;64,11;151,42
Uganda;All sectors;870,37;587,09;1848,25;5059,07;12811,12
;Food and beverages;433,42;339,08;825,87;1421,94;2273,7
;Clothing and footwear;31,27;20,79;69,67;181,32;237,28
;Housing;68,58;32,71;168,29;756,02;2158,18
;Energy;44,68;34,3;82,33;194,61;285,83
;Transport;66,06;23,04;176,27;827,12;5118,34
;Water;28,79;24,43;46,08;79,32;148,82
;Education sector;48,83;25,66;117,04;518,98;367,67
;Health;48,61;35,02;105,05;203,68;99,53
;ICT;30,64;11,63;89,4;367,35;793,75
;Financial services;0,35;0,12;1,24;2,91;9,99
;Other goods and services;62,56;35,95;151,69;473,66;1253,21
;"Appliances
 ";6,58;4,38;15,32;32,16;64,82
Ukraine;All sectors;4009,18;1052,65;2573,97;4985,99;11431,81
;Food and beverages;2573,16;795,8;1734,01;3180,32;6014,53
;Clothing and footwear;284,9;56,9;188,66;350,94;776,43
;Housing;155,37;12,57;57,63;211,36;912,42
;Energy;267,89;81,51;205,11;317,94;421,43
;Transport;175,93;9,06;77,71;219,12;1273,08
;Water;14,39;7,16;9,86;17,79;29,33
;Education sector;10,49;0,11;9,75;11,39;6,34
;Health;126,46;31,85;70,65;161,98;471,97
;ICT;23,94;0;9,42;34,38;83,61
;Financial services;0;0;0;0;0
;Other goods and services;376,13;57,69;210,92;480,01;1441,55
;"Appliances
 ";0,53;0;0,24;0,77;1,13
Vietnam;All sectors;1153,96;756,15;1800,97;4531,68;11857,91
;Food and beverages;614,35;462,37;894,71;1528,12;1820,22
;Clothing and footwear;48,84;32,41;75,71;190,82;263,81
;Housing;61,26;13,26;106,43;789,12;6820,21
;Energy;71,08;49,12;108,56;242,14;275,56
;Transport;86,34;44,36;154,99;450,34;615,67
;Water;5,61;2;12,08;29,16;61,25
;Education sector;50,58;27,06;93,54;200,08;125,93
;Health;35,62;26,87;51,7;88,78;103,1
;ICT;40,42;16,04;80,84;235,38;804,97
;Financial services;8,06;3,8;15,17;44,14;3,28
;Other goods and services;110,92;65,59;173,63;650,03;843,66
;"Appliances
 ";20,89;13,26;33,61;83,57;120,24
Yemen;All sectors;1729,46;874,46;1883,51;4685,95;13691,83
;Food and beverages;852,15;515,71;973,64;1670,89;2068,87
;Clothing and footwear;99,11;50,56;108,33;271,66;589,82
;Housing;151,36;54,63;155,58;594,35;1520,49
;Energy;53,61;34,14;59,07;111,91;169,77
;Transport;88,75;18,29;72,01;441,33;4030,31
;Water;20,04;9,48;22,01;58,8;105,4
;Education sector;40,99;17,33;42,44;150,76;266,99
;Health;107,2;41,52;111,14;330;2553,34
;ICT;27,07;7,77;28,14;114,63;276,46
;Financial services;0;0;0;0;0
;Other goods and services;261,45;110,8;281,41;860,03;1967,66
;"Appliances
 ";27,75;14,23;29,74;81,58;142,72
Zambia;All sectors;532,59;356,88;1874,49;4678,31;11662,32
;Food and beverages;263,03;207,3;743;1278,19;1770,16
;Clothing and footwear;17,46;12,28;59,29;129,4;117,47
;Housing;98,77;55,32;416,06;1190,56;4152,74
;Energy;22,88;16,9;73,03;138,69;245,29
;Transport;37,6;13,82;185,47;786,28;2726,46
;Water;5,38;2,6;25,66;76,06;219
;Education sector;17,54;9,64;81,94;186,8;64,89
;Health;1,27;0,82;4,77;11,8;25,85
;ICT;18,45;9,85;85,63;215,22;405,05
;Financial services;0;0;0;0;0
;Other goods and services;41,69;22,49;169,15;603,29;1819,93
;"Appliances
 ";8,52;5,86;30,5;62,01;115,5
